Model,Best_Val_Acc,Test_Accuracy,Fire_Precision,Fire_Recall,Fire_F1
BaselineCNN,0.8115079365079365,0.8035714285714286,0.52,0.38235294117647056,0.4406779661016949
ImprovedCNN,0.8412698412698413,0.8253968253968254,0.5897435897435898,0.45098039215686275,0.5111111111111111
